<?xml version="1.0" encoding="UTF-8"?>
<!DOCTYPE hibernate-configuration PUBLIC
	"-//Hibernate/Hibernate Configuration DTD 3.0//EN"
	"http://www.hibernate.org/dtd/hibernate-configuration-3.0.dtd">
<hibernate-configuration>
<session-factory>
<property name="hibernate.dialect">org.hibernate.dialect.MySQLDialect</property>
<property name="hibernate.connection.driver_class">com.mysql.jdbc.Driver </property>
<property name="hibernate.connection.url">jdbc:mysql://localhost:3306/shopmain </property>
<property name="hibernate.connection.username">root </property>
<property name="hibernate.connection.password">Sho@ib2298 </property>
<property name="hbm2ddl.auto"> update </property>
<mapping class="com.app.model.Healthcare"/>
<mapping class="com.app.model.Fashion"/>
<mapping class="com.app.model.Electronics"/>
<mapping class="com.app.model.User"/>
</session-factory>
</hibernate-configuration>